cid,account,action,Full name,Shortened name,status,num,type,sent_by,areacode,campaignId,live_time,test_time,update_time,sent_time,reply_time,proxy,phone,tcr_cid,live,tested,updated,lastmsg,lastreply,percent,target,sent,sent_percent,segments_sent,delivered,delivered_percent,received,dnd,bad,spam,landline,err,skipped,replies,responses,autoresponses,received_percent,received_target_percent,dnd_percent,dnd_target_percent,bad_percent,bad_target_percent,spam_percent,spam_target_percent,landline_percent,landline_target_percent,err_percent,err_target_percent,skipped_percent,skipped_target_percent,replies_percent,replies_target_percent
c_zjtlzwbdahbqh4ptde,Ohio Partners for Affordable Energy,1,61817_EmpowerSaves_OH_Text1_Prequalified_Impact,Text1_Prequalified_Impact,Archived,1,SMS,outsourced,614,COP90PK,2025-05-02 17:13:48 GMT-0000,2025-04-30 19:07:16 GMT-0000,2025-05-04 23:00:00 GMT-0000,2025-05-02 17:16:42 GMT-0000,2025-05-05 16:43:08 GMT-0000,"1,614,681,688,216,140,000,000","1,614,681,688,216,140,000,000",COP90PK,2025-05-02 17:13:48 GMT-0000,2025-04-30 19:07:16 GMT-0000,2025-05-04 23:00:00 GMT-0000,2025-05-02 17:16:42 GMT-0000,2025-05-05 16:43:08 GMT-0000,73,505,562,111,1144,411,73,6,4,59,50,1,151,0,2,0,4,1,1,1,1,10,12,9,10,0,0,27,30,0,0,0,0
c_zjtlzwbdahbqh4ptde,Ohio Partners for Affordable Energy,2,61913_EmpowerSaves_OH_Text2_Prequalified_OHCAC,Text2_Prequalified_OHCAC,Archived,2,SMS,outsourced,614,COP90PK,2025-05-02 17:17:47 GMT-0000,2025-05-01 18:11:10 GMT-0000,2025-05-04 23:00:00 GMT-0000,2025-05-02 17:20:28 GMT-0000,2025-05-04 14:40:22 GMT-0000,"1,614,681,688,216,140,000,000","1,614,681,688,216,140,000,000",COP90PK,2025-05-02 17:17:47 GMT-0000,2025-05-01 18:11:10 GMT-0000,2025-05-04 23:00:00 GMT-0000,2025-05-02 17:20:28 GMT-0000,2025-05-04 14:40:22 GMT-0000,82,556,625,112,1286,512,82,10,9,66,30,2,113,0,1,0,9,2,2,1,2,11,12,5,5,0,0,18,20,0,0,0,0
c_zjtlzwbdahbqh4ptde,Ohio Partners for Affordable Energy,3,61914_EmpowerSaves_OH_Text3_Money_Impact,Text3_Money_Impact,Draft,3,SMS,outsourced,614,COP90PK,2025-05-02 16:55:42 GMT-0000,2025-05-02 16:55:39 GMT-0000,2025-05-02 16:55:42 GMT-0000,2025-05-02 16:59:14 GMT-0000,2025-05-02 15:37:09 GMT-0000,"1,614,681,688,216,140,000,000","1,614,681,688,216,140,000,000",COP90PK,2025-05-02 16:55:42 GMT-0000,2025-05-02 16:55:39 GMT-0000,2025-05-02 16:55:42 GMT-0000,2025-05-02 16:59:14 GMT-0000,2025-05-02 15:37:09 GMT-0000,63,504,566,112,1159,358,63,7,5,57,122,0,208,0,2,0,5,1,1,1,1,10,11,22,24,0,0,37,41,0,0,0,0
c_zjtlzwbdahbqh4ptde,Ohio Partners for Affordable Energy,4,61915_EmpowerSaves_OH_Text4_Money_OHCAC,Text4_Money_OHCAC,Draft,4,SMS,outsourced,614,COP90PK,2025-05-02 15:55:00 GMT-0000,2025-05-02 15:19:22 GMT-0000,2025-05-02 15:55:00 GMT-0000,2025-05-02 16:21:38 GMT-0000,2025-05-10 22:36:54 GMT-0000,"1,614,681,688,216,140,000,000","1,614,681,688,216,140,000,000",COP90PK,2025-05-02 15:55:00 GMT-0000,2025-05-02 15:19:22 GMT-0000,2025-05-02 15:55:00 GMT-0000,2025-05-02 16:21:38 GMT-0000,2025-05-10 22:36:54 GMT-0000,76,591,624,106,1274,476,76,15,12,25,107,0,148,0,3,0,12,2,3,2,2,4,4,17,18,0,0,24,25,0,0,0,1
c_zjtlzwbdahbqh4ptde,Ohio Partners for Affordable Energy,6,62069_EmpowerSaves_OH_Text5_Struggling_Impact,Text5_Struggling_Impact,Archived,6,SMS,outsourced,614,COP90PK,2025-05-13 13:45:00 GMT-0000,2025-05-12 16:31:42 GMT-0000,2025-05-15 23:00:00 GMT-0000,2025-05-13 18:19:29 GMT-0000,2025-05-16 14:30:08 GMT-0000,"1,614,681,688,216,140,000,000","1,614,681,688,216,140,000,000",COP90PK,2025-05-13 13:45:00 GMT-0000,2025-05-12 16:31:42 GMT-0000,2025-05-15 23:00:00 GMT-0000,2025-05-13 18:19:29 GMT-0000,2025-05-16 14:30:08 GMT-0000,87,500,500,100,1019,433,87,10,5,9,21,0,67,0,5,0,5,2,2,1,1,2,2,4,4,0,0,13,13,0,0,1,1
c_zjtlzwbdahbqh4ptde,Ohio Partners for Affordable Energy,7,62070_EmpowerSaves_OH_Text6_Savings_Impact,Text6_Savings_Impact,Archived,7,SMS,outsourced,614,COP90PK,2025-05-13 13:45:00 GMT-0000,2025-05-12 16:37:41 GMT-0000,2025-05-15 23:00:00 GMT-0000,2025-05-13 18:20:10 GMT-0000,2025-05-25 12:43:56 GMT-0000,"1,614,681,688,216,140,000,000","1,614,681,688,216,140,000,000",COP90PK,2025-05-13 13:45:00 GMT-0000,2025-05-12 16:37:41 GMT-0000,2025-05-15 23:00:00 GMT-0000,2025-05-13 18:20:10 GMT-0000,2025-05-25 12:43:56 GMT-0000,92,503,503,100,1527,463,92,6,6,11,1,0,40,0,0,0,6,1,1,1,1,2,2,0,0,0,0,8,8,0,0,0,0
c_zjtlzwbdahbqh4ptde,Ohio Partners for Affordable Energy,5,62071_EmpowerSaves_OH_Text7_Struggling_OHCAC,Text7_Struggling_OHCAC,Archived,5,SMS,outsourced,614,COP90PK,2025-05-13 13:45:00 GMT-0000,2025-05-12 16:26:58 GMT-0000,2025-05-15 23:00:00 GMT-0000,2025-05-13 18:20:02 GMT-0000,2025-05-21 11:54:50 GMT-0000,"1,614,681,688,216,140,000,000","1,614,681,688,216,140,000,000",COP90PK,2025-05-13 13:45:00 GMT-0000,2025-05-12 16:26:58 GMT-0000,2025-05-15 23:00:00 GMT-0000,2025-05-13 18:20:02 GMT-0000,2025-05-21 11:54:50 GMT-0000,95,551,551,100,1140,524,95,12,10,6,7,0,27,0,2,0,10,2,2,2,2,1,1,1,1,0,0,5,5,0,0,0,0
c_zjtlzwbdahbqh4ptde,Ohio Partners for Affordable Energy,8,62072_EmpowerSaves_OH_Text8_Savings_OHCAC,Text8_Savings_OHCAC,Archived,8,SMS,outsourced,614,COP90PK,2025-05-13 13:45:00 GMT-0000,2025-05-12 16:42:24 GMT-0000,2025-05-15 23:00:00 GMT-0000,2025-05-13 18:23:35 GMT-0000,2025-05-15 15:57:57 GMT-0000,"1,614,681,688,216,140,000,000","1,614,681,688,216,140,000,000",COP90PK,2025-05-13 13:45:00 GMT-0000,2025-05-12 16:42:24 GMT-0000,2025-05-15 23:00:00 GMT-0000,2025-05-13 18:23:35 GMT-0000,2025-05-15 15:57:57 GMT-0000,94,589,588,100,1821,555,94,18,15,9,7,0,33,0,3,0,15,3,3,3,3,2,2,1,1,0,0,6,6,0,0,1,1
c_zjtlzwbdahbqh4ptde,Ohio Partners for Affordable Energy,12,62253_EmpowerSaves_OH_Text9_Struggling_Impact,Text9_Struggling_Impact,Archived,12,SMS,outsourced,614,COP90PK,2025-05-28 14:57:28 GMT-0000,2025-05-27 16:07:23 GMT-0000,2025-05-30 23:00:00 GMT-0000,2025-05-28 15:02:37 GMT-0000,2025-05-28 15:35:02 GMT-0000,"1,614,681,688,216,140,000,000","1,614,681,688,216,140,000,000",COP90PK,2025-05-28 14:57:28 GMT-0000,2025-05-27 16:07:23 GMT-0000,2025-05-30 23:00:00 GMT-0000,2025-05-28 15:02:37 GMT-0000,2025-05-28 15:35:02 GMT-0000,94,476,482,101,974,451,94,6,4,4,1,0,31,0,2,0,4,1,1,1,1,1,1,0,0,0,0,6,7,0,0,0,0
c_zjtlzwbdahbqh4ptde,Ohio Partners for Affordable Energy,9,62254_EmpowerSaves_OH_Text10_Relief_Impact,Text10_Relief_Impact,Archived,9,SMS,outsourced,614,COP90PK,2025-05-28 14:45:00 GMT-0000,2025-05-27 15:57:21 GMT-0000,2025-05-30 23:00:00 GMT-0000,2025-05-28 15:00:24 GMT-0000,2025-05-29 00:19:37 GMT-0000,"1,614,681,688,216,140,000,000","1,614,681,688,216,140,000,000",COP90PK,2025-05-28 14:45:00 GMT-0000,2025-05-27 15:57:21 GMT-0000,2025-05-30 23:00:00 GMT-0000,2025-05-28 15:00:24 GMT-0000,2025-05-29 00:19:37 GMT-0000,91,465,471,101,1915,427,91,15,12,4,1,0,44,0,3,0,11,3,3,3,3,1,1,0,0,0,0,9,9,0,0,1,1
c_zjtlzwbdahbqh4ptde,Ohio Partners for Affordable Energy,11,62255_EmpowerSaves_OH_Text11_Struggling_OHCAC,Text11_Struggling_OHCAC,Archived,11,SMS,outsourced,614,COP90PK,2025-05-28 14:45:00 GMT-0000,2025-05-27 16:04:37 GMT-0000,2025-05-30 23:00:00 GMT-0000,2025-05-28 14:55:07 GMT-0000,2025-05-28 19:12:19 GMT-0000,"1,614,681,688,216,140,000,000","1,614,681,688,216,140,000,000",COP90PK,2025-05-28 14:45:00 GMT-0000,2025-05-27 16:04:37 GMT-0000,2025-05-30 23:00:00 GMT-0000,2025-05-28 14:55:07 GMT-0000,2025-05-28 19:12:19 GMT-0000,96,561,557,99,1131,537,96,14,11,4,2,0,20,0,3,0,11,3,2,2,2,1,1,0,0,0,0,4,4,0,0,1,1
c_zjtlzwbdahbqh4ptde,Ohio Partners for Affordable Energy,10,62256_EmpowerSaves_OH_Text12_Relief_OHCAC,Text12_Relief_OHCAC,Archived,10,SMS,outsourced,614,COP90PK,2025-05-28 14:57:12 GMT-0000,2025-05-27 16:00:35 GMT-0000,2025-05-30 23:00:00 GMT-0000,2025-05-28 15:06:05 GMT-0000,2025-05-31 17:57:14 GMT-0000,"1,614,681,688,216,140,000,000","1,614,681,688,216,140,000,000",COP90PK,2025-05-28 14:57:12 GMT-0000,2025-05-27 16:00:35 GMT-0000,2025-05-30 23:00:00 GMT-0000,2025-05-28 15:06:05 GMT-0000,2025-05-31 17:57:14 GMT-0000,97,519,529,102,2137,511,97,14,9,6,1,0,18,0,5,0,9,3,3,2,2,1,1,0,0,0,0,3,3,0,0,1,1
c_zjtlzwbdahbqh4ptde,Ohio Partners for Affordable Energy,13,62344_EmpowerSaves_OH_Text13_Struggling_MVCAP,Text13_Struggling_MVCAP,Archived,13,SMS,outsourced,614,COP90PK,2025-06-03 19:20:12 GMT-0000,2025-06-02 21:06:30 GMT-0000,2025-06-05 23:00:00 GMT-0000,2025-06-03 19:22:27 GMT-0000,2025-06-11 19:38:11 GMT-0000,"1,614,681,688,216,140,000,000","1,614,681,688,216,140,000,000",COP90PK,2025-06-03 19:20:12 GMT-0000,2025-06-02 21:06:30 GMT-0000,2025-06-05 23:00:00 GMT-0000,2025-06-03 19:22:27 GMT-0000,2025-06-11 19:38:11 GMT-0000,90,519,519,100,1050,466,90,6,6,35,6,0,53,0,0,0,6,1,1,1,1,7,7,1,1,0,0,10,10,0,0,0,0
c_zjtlzwbdahbqh4ptde,Ohio Partners for Affordable Energy,14,62345_EmpowerSaves_OH_Text14_Relief_MVCAP,Text14_Relief_MVCAP,Archived,14,SMS,outsourced,614,COP90PK,2025-06-03 19:20:43 GMT-0000,2025-06-02 21:11:49 GMT-0000,2025-06-05 23:00:00 GMT-0000,2025-06-03 19:24:16 GMT-0000,2025-06-03 23:37:20 GMT-0000,"1,614,681,688,216,140,000,000","1,614,681,688,216,140,000,000",COP90PK,2025-06-03 19:20:43 GMT-0000,2025-06-02 21:11:49 GMT-0000,2025-06-05 23:00:00 GMT-0000,2025-06-03 19:24:16 GMT-0000,2025-06-03 23:37:20 GMT-0000,92,530,530,100,2142,487,92,14,10,28,2,0,43,0,4,0,10,3,3,2,2,5,5,0,0,0,0,8,8,0,0,1,1
c_zjtlzwbdahbqh4ptde,Ohio Partners for Affordable Energy,15,62392_EmpowerSaves_OH_Text15_Improvements,Text15_Improvements,Archived,15,MMS,outsourced,614,COP90PK,2025-06-11 21:45:00 GMT-0000,2025-06-11 17:50:52 GMT-0000,2025-06-13 23:00:00 GMT-0000,2025-06-11 22:04:24 GMT-0000,2025-06-12 19:45:49 GMT-0000,"1,614,681,688,216,140,000,000","1,614,681,688,216,140,000,000",COP90PK,2025-06-11 21:45:00 GMT-0000,2025-06-11 17:50:52 GMT-0000,2025-06-13 23:00:00 GMT-0000,2025-06-11 22:04:24 GMT-0000,2025-06-12 19:45:49 GMT-0000,85,944,944,100,6,803,85,9,6,23,0,0,141,0,3,0,6,1,1,1,1,2,2,0,0,0,0,15,15,0,0,0,0
c_zjtlzwbdahbqh4ptde,Ohio Partners for Affordable Energy,16,62466_EmpowerSaves_OH_Text16_Improved_OHCAC,Text16_Improved_OHCAC,Archived,16,MMS,outsourced,614,COP90PK,2025-06-21 11:45:00 GMT-0000,2025-06-20 21:13:26 GMT-0000,2025-06-23 23:00:00 GMT-0000,2025-06-21 15:08:05 GMT-0000,2025-06-21 15:33:43 GMT-0000,"1,614,681,688,216,140,000,000","1,614,681,688,216,140,000,000",COP90PK,2025-06-21 11:45:00 GMT-0000,2025-06-20 21:13:26 GMT-0000,2025-06-23 23:00:00 GMT-0000,2025-06-21 15:08:05 GMT-0000,2025-06-21 15:33:43 GMT-0000,92,1050,1050,100,8,967,92,9,8,44,0,0,83,0,1,0,8,1,1,1,1,4,4,0,0,0,0,8,8,0,0,0,0
c_zjtlzwbdahbqh4ptde,Ohio Partners for Affordable Energy,17,62486_ EmpowerSaves_OH_Text17_Improved_MVCAP,Text17_Improved_MVCAP,Archived,17,MMS,outsourced,614,COP90PK,2025-06-21 11:45:00 GMT-0000,2025-06-20 21:16:16 GMT-0000,2025-06-23 23:00:00 GMT-0000,2025-06-21 15:11:26 GMT-0000,2025-06-22 01:11:04 GMT-0000,"1,614,681,688,216,140,000,000","1,614,681,688,216,140,000,000",COP90PK,2025-06-21 11:45:00 GMT-0000,2025-06-20 21:16:16 GMT-0000,2025-06-23 23:00:00 GMT-0000,2025-06-21 15:11:26 GMT-0000,2025-06-22 01:11:04 GMT-0000,91,950,965,102,15,881,91,20,15,39,0,0,84,0,5,0,15,2,2,2,2,4,4,0,0,0,0,9,9,0,0,1,1
c_zjtlzwbdahbqh4ptde,Ohio Partners for Affordable Energy,18,62487_EmpowerSaves_OH_Text18_Improved_COAD,Text18_Improved_COAD,Archived,18,MMS,outsourced,614,COP90PK,2025-06-21 11:45:00 GMT-0000,2025-06-20 21:40:36 GMT-0000,2025-06-23 23:00:00 GMT-0000,2025-06-21 15:18:54 GMT-0000,2025-06-21 20:01:57 GMT-0000,"1,614,681,688,216,140,000,000","1,614,681,688,216,140,000,000",COP90PK,2025-06-21 11:45:00 GMT-0000,2025-06-20 21:40:36 GMT-0000,2025-06-23 23:00:00 GMT-0000,2025-06-21 15:18:54 GMT-0000,2025-06-21 20:01:57 GMT-0000,79,1278,1287,101,16,1020,79,19,17,54,0,3,267,0,2,0,16,1,1,1,1,4,4,0,0,0,0,21,21,0,0,0,0
c_zjtlzwbdahbqh4ptde,Ohio Partners for Affordable Energy,20,62629_EmpowerSaves_OH_Text19_StayCool_IMPACT,Text19_StayCool_IMPACT,Archived,20,SMS,outsourced,614,COP90PK,2025-07-09 21:45:00 GMT-0000,2025-07-09 13:10:35 GMT-0000,2025-07-11 23:00:00 GMT-0000,2025-07-09 22:18:40 GMT-0000,2025-07-13 16:09:01 GMT-0000,"1,614,681,688,216,140,000,000","1,614,681,688,216,140,000,000",COP90PK,2025-07-09 21:45:00 GMT-0000,2025-07-09 13:10:35 GMT-0000,2025-07-11 23:00:00 GMT-0000,2025-07-09 22:18:40 GMT-0000,2025-07-13 16:09:01 GMT-0000,86,916,916,100,2767,784,86,18,13,26,57,0,132,0,5,0,13,2,2,1,1,3,3,6,6,0,0,14,14,0,0,1,1
c_zjtlzwbdahbqh4ptde,Ohio Partners for Affordable Energy,19,62631_EmpowerSaves_OH_Text20_StayCool_COAD,Text20_StayCool_COAD,Archived,19,SMS,outsourced,614,COP90PK,2025-07-09 21:45:00 GMT-0000,2025-07-09 13:08:11 GMT-0000,2025-07-11 23:00:00 GMT-0000,2025-07-09 22:15:17 GMT-0000,2025-07-15 15:42:08 GMT-0000,"1,614,681,688,216,140,000,000","1,614,681,688,216,140,000,000",COP90PK,2025-07-09 21:45:00 GMT-0000,2025-07-09 13:08:11 GMT-0000,2025-07-11 23:00:00 GMT-0000,2025-07-09 22:15:17 GMT-0000,2025-07-15 15:42:08 GMT-0000,69,1009,1217,121,3686,837,69,37,29,189,169,0,380,0,8,0,29,3,4,2,3,16,19,14,17,0,0,31,38,0,0,1,1
c_zjtlzwbdahbqh4ptde,Ohio Partners for Affordable Energy,21,62632_EmpowerSaves_OH_Text21_StayCool_MVCAP,Text21_StayCool_MVCAP,Archived,21,SMS,outsourced,614,COP90PK,2025-07-09 21:45:00 GMT-0000,2025-07-09 13:13:55 GMT-0000,2025-07-11 23:00:00 GMT-0000,2025-07-09 22:21:45 GMT-0000,2025-07-09 22:21:45 GMT-0000,"1,614,681,688,216,140,000,000","1,614,681,688,216,140,000,000",COP90PK,2025-07-09 21:45:00 GMT-0000,2025-07-09 13:13:55 GMT-0000,2025-07-11 23:00:00 GMT-0000,2025-07-09 22:21:45 GMT-0000,2025-07-09 22:21:45 GMT-0000,96,910,910,100,2741,870,96,5,5,30,1,0,40,0,0,0,5,1,1,1,1,3,3,0,0,0,0,4,4,0,0,0,0
c_zjtlzwbdahbqh4ptde,Ohio Partners for Affordable Energy,22,62633_EmpowerSaves_OH_Text22_StayCool_OHCAC,Text22_StayCool_OHCAC,Archived,22,SMS,outsourced,614,COP90PK,2025-07-09 21:45:00 GMT-0000,2025-07-09 13:16:45 GMT-0000,2025-07-11 23:00:00 GMT-0000,2025-07-09 22:24:57 GMT-0000,2025-07-10 14:45:14 GMT-0000,"1,614,681,688,216,140,000,000","1,614,681,688,216,140,000,000",COP90PK,2025-07-09 21:45:00 GMT-0000,2025-07-09 13:16:45 GMT-0000,2025-07-11 23:00:00 GMT-0000,2025-07-09 22:24:57 GMT-0000,2025-07-10 14:45:14 GMT-0000,97,946,973,103,2944,941,97,25,19,14,6,0,32,0,6,0,19,3,3,2,2,1,1,1,1,0,0,3,3,0,0,1,1
c_zjtlzwbdahbqh4ptde,Ohio Partners for Affordable Energy,24,62710_EmpowerSaves_OH_Text23_GetHelp_IMPACT_Morning,Text23_GetHelp_IMPACT_Morning,Archived,24,SMS,outsourced,614,COP90PK,2025-07-17 13:45:00 GMT-0000,2025-07-16 17:00:35 GMT-0000,2025-07-19 16:00:00 GMT-0000,2025-07-17 15:02:56 GMT-0000,2025-07-18 19:22:19 GMT-0000,"1,614,681,688,216,140,000,000","1,614,681,688,216,140,000,000",COP90PK,2025-07-17 13:45:00 GMT-0000,2025-07-16 17:00:35 GMT-0000,2025-07-19 16:00:00 GMT-0000,2025-07-17 15:02:56 GMT-0000,2025-07-18 19:22:19 GMT-0000,92,421,421,100,3379,388,92,5,4,2,1,0,33,0,1,0,4,1,1,1,1,0,0,0,0,0,0,8,8,0,0,0,0
c_zjtlzwbdahbqh4ptde,Ohio Partners for Affordable Energy,25,62716_EmpowerSaves_OH_Text24_GetHelp_IMPACT_Evening,Text24_GetHelp_IMPACT_Evening,Archived,25,SMS,outsourced,614,COP90PK,2025-07-17 20:45:00 GMT-0000,2025-07-16 17:29:51 GMT-0000,2025-07-19 23:00:00 GMT-0000,2025-07-17 21:04:15 GMT-0000,2025-07-18 20:55:06 GMT-0000,"1,614,681,688,216,140,000,000","1,614,681,688,216,140,000,000",COP90PK,2025-07-17 20:45:00 GMT-0000,2025-07-16 17:29:51 GMT-0000,2025-07-19 23:00:00 GMT-0000,2025-07-17 21:04:15 GMT-0000,2025-07-18 20:55:06 GMT-0000,95,435,435,100,3437,415,95,6,4,2,0,0,20,0,2,0,4,1,1,1,1,0,0,0,0,0,0,5,5,0,0,0,0
c_zjtlzwbdahbqh4ptde,Ohio Partners for Affordable Energy,26,62713_EmpowerSaves_OH_Text25_GetHelp_OHCAC_Morning,Text25_GetHelp_OHCAC_Morning,Archived,26,SMS,outsourced,614,COP90PK,2025-07-17 13:45:00 GMT-0000,2025-07-16 17:38:58 GMT-0000,2025-07-19 16:00:00 GMT-0000,2025-07-17 15:12:56 GMT-0000,2025-07-17 19:07:23 GMT-0000,"1,614,681,688,216,140,000,000","1,614,681,688,216,140,000,000",COP90PK,2025-07-17 13:45:00 GMT-0000,2025-07-16 17:38:58 GMT-0000,2025-07-19 16:00:00 GMT-0000,2025-07-17 15:12:56 GMT-0000,2025-07-17 19:07:23 GMT-0000,98,466,466,100,3524,458,98,7,7,2,0,0,8,0,0,0,7,2,2,2,2,0,0,0,0,0,0,2,2,0,0,0,0
c_zjtlzwbdahbqh4ptde,Ohio Partners for Affordable Energy,27,62718_EmpowerSaves_OH_Text26_GetHelp_OHCAC_Evening,Text26_GetHelp_OHCAC_Evening,Archived,27,SMS,outsourced,614,COP90PK,2025-07-17 20:45:00 GMT-0000,2025-07-16 17:49:37 GMT-0000,2025-07-19 23:00:00 GMT-0000,2025-07-17 21:07:42 GMT-0000,2025-07-18 02:20:39 GMT-0000,"1,614,681,688,216,140,000,000","1,614,681,688,216,140,000,000",COP90PK,2025-07-17 20:45:00 GMT-0000,2025-07-16 17:49:37 GMT-0000,2025-07-19 23:00:00 GMT-0000,2025-07-17 21:07:42 GMT-0000,2025-07-18 02:20:39 GMT-0000,98,472,471,100,3465,463,98,3,3,1,0,0,8,0,0,0,3,1,1,1,1,0,0,0,0,0,0,2,2,0,0,0,0
c_zjtlzwbdahbqh4ptde,Ohio Partners for Affordable Energy,28,62714_EmpowerSaves_OH_Text27_GetHelp_MVCAP_Morning,Text27_GetHelp_MVCAP_Morning,Archived,28,SMS,outsourced,614,COP90PK,2025-07-17 13:45:00 GMT-0000,2025-07-16 17:53:43 GMT-0000,2025-07-19 16:00:00 GMT-0000,2025-07-17 15:05:43 GMT-0000,2025-07-17 20:42:18 GMT-0000,"1,614,681,688,216,140,000,000","1,614,681,688,216,140,000,000",COP90PK,2025-07-17 13:45:00 GMT-0000,2025-07-16 17:53:43 GMT-0000,2025-07-19 16:00:00 GMT-0000,2025-07-17 15:05:43 GMT-0000,2025-07-17 20:42:18 GMT-0000,99,429,429,100,3250,423,99,7,6,1,0,0,6,0,1,0,6,2,2,1,1,0,0,0,0,0,0,1,1,0,0,0,0
c_zjtlzwbdahbqh4ptde,Ohio Partners for Affordable Energy,29,62719_EmpowerSaves_OH_Text28_GetHelp_MVCAP_Evening,Text28_GetHelp_MVCAP_Evening,Archived,29,SMS,outsourced,614,COP90PK,2025-07-17 20:45:00 GMT-0000,2025-07-16 17:59:00 GMT-0000,2025-07-19 23:00:00 GMT-0000,2025-07-17 21:09:35 GMT-0000,2025-07-18 18:36:05 GMT-0000,"1,614,681,688,216,140,000,000","1,614,681,688,216,140,000,000",COP90PK,2025-07-17 20:45:00 GMT-0000,2025-07-16 17:59:00 GMT-0000,2025-07-19 23:00:00 GMT-0000,2025-07-17 21:09:35 GMT-0000,2025-07-18 18:36:05 GMT-0000,99,421,427,101,3161,423,99,9,8,0,0,0,4,0,1,0,8,2,2,2,2,0,0,0,0,0,0,1,1,0,0,0,0
c_zjtlzwbdahbqh4ptde,Ohio Partners for Affordable Energy,30,62715_EmpowerSaves_OH_Text29_GetHelp_COAD_Morning,Text29_GetHelp_COAD_Morning,Archived,30,SMS,outsourced,614,COP90PK,2025-07-19 13:45:00 GMT-0000,2025-07-16 18:04:41 GMT-0000,2025-07-21 16:00:01 GMT-0000,2025-07-19 14:39:23 GMT-0000,2025-07-19 19:57:02 GMT-0000,"1,614,681,688,216,140,000,000","1,614,681,688,216,140,000,000",COP90PK,2025-07-19 13:45:00 GMT-0000,2025-07-16 18:04:41 GMT-0000,2025-07-21 16:00:01 GMT-0000,2025-07-19 14:39:23 GMT-0000,2025-07-19 19:57:02 GMT-0000,97,490,488,100,3498,472,97,5,3,7,0,0,16,0,2,0,3,1,1,1,1,1,1,0,0,0,0,3,3,0,0,0,0
c_zjtlzwbdahbqh4ptde,Ohio Partners for Affordable Energy,31,62720_EmpowerSaves_OH_Text30_GetHelp_COAD_Evening,Text30_GetHelp_COAD_Evening,Archived,31,SMS,outsourced,614,COP90PK,2025-07-17 20:45:00 GMT-0000,2025-07-16 18:07:57 GMT-0000,2025-07-19 23:00:00 GMT-0000,2025-07-17 21:11:27 GMT-0000,2025-07-18 00:16:37 GMT-0000,"1,614,681,688,216,140,000,000","1,614,681,688,216,140,000,000",COP90PK,2025-07-17 20:45:00 GMT-0000,2025-07-16 18:07:57 GMT-0000,2025-07-19 23:00:00 GMT-0000,2025-07-17 21:11:27 GMT-0000,2025-07-18 00:16:37 GMT-0000,96,508,508,100,3587,487,96,8,5,8,0,0,21,0,3,0,5,2,2,1,1,2,2,0,0,0,0,4,4,0,0,1,1
c_zjtlzwbdahbqh4ptde,Ohio Partners for Affordable Energy,32,62776_EmpowerSaves_OH_Text31_SummerCrisisProgram_Impact,Text31_SummerCrisisProgram_Impact,Archived,32,SMS,outsourced,614,COP90PK,2025-07-24 19:45:00 GMT-0000,2025-07-23 15:21:24 GMT-0000,2025-07-27 00:00:00 GMT-0000,2025-07-24 20:22:17 GMT-0000,2025-08-07 13:36:10 GMT-0000,"1,614,681,688,216,140,000,000","1,614,681,688,216,140,000,000",COP90PK,2025-07-24 19:45:00 GMT-0000,2025-07-23 15:21:24 GMT-0000,2025-07-27 00:00:00 GMT-0000,2025-07-24 20:22:17 GMT-0000,2025-08-07 13:36:10 GMT-0000,94,836,836,100,6707,788,94,7,3,3,3,0,48,0,4,0,3,1,1,0,0,0,0,0,0,0,0,6,6,0,0,0,0
c_zjtlzwbdahbqh4ptde,Ohio Partners for Affordable Energy,33,62777_EmpowerSaves_OH_Text32_SummerCrisisProgram_COAD,Text32_SummerCrisisProgram_COAD,Archived,33,SMS,outsourced,614,COP90PK,2025-07-24 19:45:00 GMT-0000,2025-07-23 15:56:15 GMT-0000,2025-07-27 00:00:00 GMT-0000,2025-07-24 20:05:21 GMT-0000,2025-08-01 17:58:44 GMT-0000,"1,614,681,688,216,140,000,000","1,614,681,688,216,140,000,000",COP90PK,2025-07-24 19:45:00 GMT-0000,2025-07-23 15:56:15 GMT-0000,2025-07-27 00:00:00 GMT-0000,2025-07-24 20:05:21 GMT-0000,2025-08-01 17:58:44 GMT-0000,97,946,968,102,7780,940,97,24,20,7,0,0,28,0,4,0,20,2,3,2,2,1,1,0,0,0,0,3,3,0,0,0,0
c_zjtlzwbdahbqh4ptde,Ohio Partners for Affordable Energy,34,62778_EmpowerSaves_OH_Text33_SummerCrisisProgram_OHCAC,Text33_SummerCrisisProgram_OHCAC,Archived,34,SMS,outsourced,614,COP90PK,2025-07-24 19:45:00 GMT-0000,2025-07-23 15:50:32 GMT-0000,2025-07-27 00:00:00 GMT-0000,2025-07-24 20:11:30 GMT-0000,2025-07-28 15:14:30 GMT-0000,"1,614,681,688,216,140,000,000","1,614,681,688,216,140,000,000",COP90PK,2025-07-24 19:45:00 GMT-0000,2025-07-23 15:50:32 GMT-0000,2025-07-27 00:00:00 GMT-0000,2025-07-24 20:11:30 GMT-0000,2025-07-28 15:14:30 GMT-0000,98,899,916,102,7353,899,98,14,9,4,0,0,17,0,5,0,9,2,2,1,1,0,0,0,0,0,0,2,2,0,0,1,1
c_zjtlzwbdahbqh4ptde,Ohio Partners for Affordable Energy,35,62779_EmpowerSaves_OH_Text34_SummerCrisisProgram_MVCAP,Text34_SummerCrisisProgram_MVCAP,Archived,35,SMS,outsourced,614,COP90PK,2025-07-24 19:45:00 GMT-0000,2025-07-23 15:53:32 GMT-0000,2025-07-27 00:00:00 GMT-0000,2025-07-24 20:13:59 GMT-0000,2025-08-08 13:29:03 GMT-0000,"1,614,681,688,216,140,000,000","1,614,681,688,216,140,000,000",COP90PK,2025-07-24 19:45:00 GMT-0000,2025-07-23 15:53:32 GMT-0000,2025-07-27 00:00:00 GMT-0000,2025-07-24 20:13:59 GMT-0000,2025-08-08 13:29:03 GMT-0000,99,824,830,101,6668,821,99,17,12,2,0,0,9,0,5,0,12,2,2,1,1,0,0,0,0,0,0,1,1,0,0,1,1
c_zjtlzwbdahbqh4ptde,Ohio Partners for Affordable Energy,39,62942_EmpowerSaves_OH_Text35_Energy_Assistance_MVCAP,Text35_Energy_Assistance_MVCAP,Archived,39,SMS,outsourced,614,COP90PK,2025-08-08 19:45:01 GMT-0000,2025-08-06 20:48:31 GMT-0000,2025-08-11 00:00:01 GMT-0000,2025-08-08 20:55:50 GMT-0000,2025-08-08 22:23:25 GMT-0000,"1,614,681,688,216,140,000,000","1,614,681,688,216,140,000,000",COP90PK,2025-08-08 19:45:01 GMT-0000,2025-08-06 20:48:31 GMT-0000,2025-08-11 00:00:01 GMT-0000,2025-08-08 20:55:50 GMT-0000,2025-08-08 22:23:25 GMT-0000,92,816,814,100,3269,748,92,9,5,4,52,0,66,0,4,0,5,1,1,1,1,0,0,6,6,0,0,8,8,0,0,0,0
c_zjtlzwbdahbqh4ptde,Ohio Partners for Affordable Energy,37,62943_EmpowerSaves_OH_Text36_Energy_Assistance_IMPACT,Text36_Energy_Assistance_IMPACT,Archived,37,SMS,outsourced,614,COP90PK,2025-08-08 19:45:01 GMT-0000,2025-08-06 20:43:16 GMT-0000,2025-08-11 00:00:01 GMT-0000,2025-08-08 20:55:42 GMT-0000,2025-08-08 23:25:35 GMT-0000,"1,614,681,688,216,140,000,000","1,614,681,688,216,140,000,000",COP90PK,2025-08-08 19:45:01 GMT-0000,2025-08-06 20:43:16 GMT-0000,2025-08-11 00:00:01 GMT-0000,2025-08-08 20:55:42 GMT-0000,2025-08-08 23:25:35 GMT-0000,92,820,819,100,3289,752,92,2,1,4,21,0,67,0,1,0,1,0,0,0,0,0,0,3,3,0,0,8,8,0,0,0,0
c_zjtlzwbdahbqh4ptde,Ohio Partners for Affordable Energy,38,62944_EmpowerSaves_OH_Text37_Energy_Assistance_COAD,Text37_Energy_Assistance_COAD,Archived,38,SMS,outsourced,614,COP90PK,2025-08-08 19:45:01 GMT-0000,2025-08-06 20:45:53 GMT-0000,2025-08-11 00:00:01 GMT-0000,2025-08-08 20:55:47 GMT-0000,2025-08-11 12:25:22 GMT-0000,"1,614,681,688,216,140,000,000","1,614,681,688,216,140,000,000",COP90PK,2025-08-08 19:45:01 GMT-0000,2025-08-06 20:45:53 GMT-0000,2025-08-11 00:00:01 GMT-0000,2025-08-08 20:55:47 GMT-0000,2025-08-11 12:25:22 GMT-0000,87,941,941,100,3782,814,87,14,10,9,99,0,127,0,4,0,10,1,1,1,1,1,1,11,11,0,0,13,13,0,0,0,0
c_zjtlzwbdahbqh4ptde,Ohio Partners for Affordable Energy,36,62945_EmpowerSaves_OH_Text38_Energy_Assistance_OHCAC,Text38_Energy_Assistance_OHCAC,Archived,36,SMS,outsourced,614,COP90PK,2025-08-08 19:45:01 GMT-0000,2025-08-06 20:46:42 GMT-0000,2025-08-16 00:00:00 GMT-0000,2025-08-08 20:40:54 GMT-0000,2025-08-09 04:26:37 GMT-0000,"1,614,681,688,216,140,000,000","1,614,681,688,216,140,000,000",COP90PK,2025-08-08 19:45:01 GMT-0000,2025-08-06 20:46:42 GMT-0000,2025-08-16 00:00:00 GMT-0000,2025-08-08 20:40:54 GMT-0000,2025-08-09 04:26:37 GMT-0000,93,894,894,100,3589,829,93,6,5,7,46,0,65,0,1,0,5,1,1,1,1,1,1,5,5,0,0,7,7,0,0,0,0
c_zjtlzwbdahbqh4ptde,Ohio Partners for Affordable Energy,41,63986_EmpowerSaves_OH_Text39_Monthly_Savings_OHCAC,Text39_Monthly_Savings_OHCAC,Archived,41,SMS,outsourced,614,COP90PK,2025-08-14 19:45:00 GMT-0000,2025-08-13 13:49:57 GMT-0000,2025-08-17 00:00:01 GMT-0000,2025-08-14 20:08:30 GMT-0000,2025-08-15 08:12:05 GMT-0000,"1,614,681,688,216,140,000,000","1,614,681,688,216,140,000,000",COP90PK,2025-08-14 19:45:00 GMT-0000,2025-08-13 13:49:57 GMT-0000,2025-08-17 00:00:01 GMT-0000,2025-08-14 20:08:30 GMT-0000,2025-08-15 08:12:05 GMT-0000,97,1335,989,74,4966,962,97,12,11,12,0,0,27,0,1,0,11,1,1,1,1,1,1,0,0,0,0,3,2,0,0,0,0
c_zjtlzwbdahbqh4ptde,Ohio Partners for Affordable Energy,43,63987_EmpowerSaves_OH_Text40_Monthly_Savings_COAD,Text40_Monthly_Savings_COAD,Archived,43,SMS,outsourced,614,COP90PK,2025-08-14 19:45:00 GMT-0000,2025-08-13 13:57:59 GMT-0000,2025-08-17 00:00:01 GMT-0000,2025-08-14 20:17:06 GMT-0000,2025-08-14 21:01:28 GMT-0000,"1,614,681,688,216,140,000,000","1,614,681,688,216,140,000,000",COP90PK,2025-08-14 19:45:00 GMT-0000,2025-08-13 13:57:59 GMT-0000,2025-08-17 00:00:01 GMT-0000,2025-08-14 20:17:06 GMT-0000,2025-08-14 21:01:28 GMT-0000,97,1276,920,72,4613,897,97,3,3,6,0,0,23,0,0,0,3,0,0,0,0,1,0,0,0,0,0,3,2,0,0,0,0
c_zjtlzwbdahbqh4ptde,Ohio Partners for Affordable Energy,42,63988_EmpowerSaves_OH_Text41_Monthly_Savings_IMPACT,Text41_Monthly_Savings_IMPACT,Archived,42,SMS,outsourced,614,COP90PK,2025-08-14 19:45:00 GMT-0000,2025-08-13 13:57:14 GMT-0000,2025-08-17 00:00:01 GMT-0000,2025-08-14 20:12:43 GMT-0000,2025-08-15 12:16:57 GMT-0000,"1,614,681,688,216,140,000,000","1,614,681,688,216,140,000,000",COP90PK,2025-08-14 19:45:00 GMT-0000,2025-08-13 13:57:14 GMT-0000,2025-08-17 00:00:01 GMT-0000,2025-08-14 20:12:43 GMT-0000,2025-08-15 12:16:57 GMT-0000,94,1071,806,75,4043,758,94,3,3,3,3,0,48,0,0,0,3,0,0,0,0,0,0,0,0,0,0,6,4,0,0,0,0
c_zjtlzwbdahbqh4ptde,Ohio Partners for Affordable Energy,40,63989_EmpowerSaves_OH_Text42_Monthly_Savings_MVCAP,Text42_Monthly_Savings_MVCAP,Archived,40,SMS,outsourced,614,COP90PK,2025-08-14 19:45:00 GMT-0000,2025-08-13 13:48:28 GMT-0000,2025-08-17 00:00:01 GMT-0000,2025-08-14 20:04:33 GMT-0000,2025-08-19 22:56:34 GMT-0000,"1,614,681,688,216,140,000,000","1,614,681,688,216,140,000,000",COP90PK,2025-08-14 19:45:00 GMT-0000,2025-08-13 13:48:28 GMT-0000,2025-08-17 00:00:01 GMT-0000,2025-08-14 20:04:33 GMT-0000,2025-08-19 22:56:34 GMT-0000,99,1105,806,73,4042,798,99,3,2,0,0,0,8,0,1,0,2,0,0,0,0,0,0,0,0,0,0,1,1,0,0,0,0
c_zjtlzwbdahbqh4ptde,Ohio Partners for Affordable Energy,44,64026_EmpowerSaves_OH_Text43_Act_Today_MVCAP_Morning,Text43_Act_Today_MVCAP_Morning,Archived,44,SMS,outsourced,614,COP90PK,2025-08-20 11:45:00 GMT-0000,2025-08-18 20:48:44 GMT-0000,2025-08-22 14:00:00 GMT-0000,2025-08-20 18:06:46 GMT-0000,2025-08-21 23:01:20 GMT-0000,"1,614,681,688,216,140,000,000","1,614,681,688,216,140,000,000",COP90PK,2025-08-20 11:45:00 GMT-0000,2025-08-18 20:48:44 GMT-0000,2025-08-22 14:00:00 GMT-0000,2025-08-20 18:06:46 GMT-0000,2025-08-21 23:01:20 GMT-0000,99,552,403,73,1632,398,99,4,4,0,0,0,5,0,0,0,4,1,1,1,1,0,0,0,0,0,0,1,1,0,0,0,0
c_zjtlzwbdahbqh4ptde,Ohio Partners for Affordable Energy,45,64028_EmpowerSaves_OH_Text44_Act_Today_COAD_Morning,Text44_Act_Today_COAD_Morning,Archived,45,SMS,outsourced,614,COP90PK,2025-08-20 11:45:00 GMT-0000,2025-08-18 20:55:05 GMT-0000,2025-08-22 14:00:00 GMT-0000,2025-08-20 13:42:46 GMT-0000,2025-08-20 13:44:00 GMT-0000,"1,614,681,688,216,140,000,000","1,614,681,688,216,140,000,000",COP90PK,2025-08-20 11:45:00 GMT-0000,2025-08-18 20:55:05 GMT-0000,2025-08-22 14:00:00 GMT-0000,2025-08-20 13:42:46 GMT-0000,2025-08-20 13:44:00 GMT-0000,97,452,452,100,1825,438,97,2,1,2,0,0,14,0,1,0,1,0,0,0,0,0,0,0,0,0,0,3,3,0,0,0,0
c_zjtlzwbdahbqh4ptde,Ohio Partners for Affordable Energy,47,64029_EmpowerSaves_OH_Text45_Act_Today_IMPACT_Morning,Text45_Act_Today_IMPACT_Morning,Archived,47,SMS,outsourced,614,COP90PK,2025-08-20 11:45:00 GMT-0000,2025-08-18 21:01:31 GMT-0000,2025-08-22 14:00:00 GMT-0000,2025-08-20 13:47:49 GMT-0000,2025-08-21 01:44:40 GMT-0000,"1,614,681,688,216,140,000,000","1,614,681,688,216,140,000,000",COP90PK,2025-08-20 11:45:00 GMT-0000,2025-08-18 21:01:31 GMT-0000,2025-08-22 14:00:00 GMT-0000,2025-08-20 13:47:49 GMT-0000,2025-08-21 01:44:40 GMT-0000,96,391,391,100,1582,375,96,3,2,1,0,0,16,0,1,0,2,1,1,1,1,0,0,0,0,0,0,4,4,0,0,0,0
c_zjtlzwbdahbqh4ptde,Ohio Partners for Affordable Energy,46,64030_EmpowerSaves_OH_Text46_Act_Today_OHCAC_Morning,Text46_Act_Today_OHCAC_Morning,Archived,46,SMS,outsourced,614,COP90PK,2025-08-20 11:45:00 GMT-0000,2025-08-18 21:02:29 GMT-0000,2025-08-22 14:00:00 GMT-0000,2025-08-20 13:45:27 GMT-0000,2025-08-20 18:36:18 GMT-0000,"1,614,681,688,216,140,000,000","1,614,681,688,216,140,000,000",COP90PK,2025-08-20 11:45:00 GMT-0000,2025-08-18 21:02:29 GMT-0000,2025-08-22 14:00:00 GMT-0000,2025-08-20 13:45:27 GMT-0000,2025-08-20 18:36:18 GMT-0000,98,668,488,73,1979,480,98,5,3,1,0,0,8,0,2,0,3,1,1,1,0,0,0,0,0,0,0,2,1,0,0,0,0
c_zjtlzwbdahbqh4ptde,Ohio Partners for Affordable Energy,48,64037_EmpowerSaves_OH_Text47_Act_Today_MVCAP_Evening,Text47_Act_Today_MVCAP_Evening,Archived,48,SMS,outsourced,614,COP90PK,2025-08-20 20:45:00 GMT-0000,2025-08-19 13:38:02 GMT-0000,2025-08-22 23:00:00 GMT-0000,2025-08-20 21:04:19 GMT-0000,2025-08-21 18:34:10 GMT-0000,"1,614,681,688,216,140,000,000","1,614,681,688,216,140,000,000",COP90PK,2025-08-20 20:45:00 GMT-0000,2025-08-19 13:38:02 GMT-0000,2025-08-22 23:00:00 GMT-0000,2025-08-20 21:04:19 GMT-0000,2025-08-21 18:34:10 GMT-0000,99,397,397,100,1599,393,99,3,3,1,0,0,4,0,0,0,3,1,1,1,1,0,0,0,0,0,0,1,1,0,0,0,0
c_zjtlzwbdahbqh4ptde,Ohio Partners for Affordable Energy,51,64038_EmpowerSaves_OH_Text48_Act_Today_COAD_Evening,Text48_Act_Today_COAD_Evening,Archived,51,SMS,outsourced,614,COP90PK,2025-08-20 20:45:00 GMT-0000,2025-08-19 13:49:57 GMT-0000,2025-08-22 23:00:00 GMT-0000,2025-08-20 21:07:24 GMT-0000,2025-08-21 16:49:50 GMT-0000,"1,614,681,688,216,140,000,000","1,614,681,688,216,140,000,000",COP90PK,2025-08-20 20:45:00 GMT-0000,2025-08-19 13:49:57 GMT-0000,2025-08-22 23:00:00 GMT-0000,2025-08-20 21:07:24 GMT-0000,2025-08-21 16:49:50 GMT-0000,99,639,459,72,1850,454,99,6,6,1,0,0,5,0,0,0,6,1,1,1,1,0,0,0,0,0,0,1,1,0,0,0,0
c_zjtlzwbdahbqh4ptde,Ohio Partners for Affordable Energy,50,64039_EmpowerSaves_OH_Text49_Act_Today_IMPACT_Evening,Text49_Act_Today_IMPACT_Evening,Archived,50,SMS,outsourced,614,COP90PK,2025-08-20 20:45:00 GMT-0000,2025-08-19 13:46:02 GMT-0000,2025-08-22 23:00:00 GMT-0000,2025-08-20 21:05:52 GMT-0000,2025-08-25 08:07:13 GMT-0000,"1,614,681,688,216,140,000,000","1,614,681,688,216,140,000,000",COP90PK,2025-08-20 20:45:00 GMT-0000,2025-08-19 13:46:02 GMT-0000,2025-08-22 23:00:00 GMT-0000,2025-08-20 21:05:52 GMT-0000,2025-08-25 08:07:13 GMT-0000,93,536,409,76,1649,379,93,8,5,1,3,0,30,0,3,0,5,2,1,1,1,0,0,1,1,0,0,7,6,0,0,1,1
c_zjtlzwbdahbqh4ptde,Ohio Partners for Affordable Energy,49,64040_EmpowerSaves_OH_Text50_Act_Today_OHCAC_Evening,Text50_Act_Today_OHCAC_Evening,Archived,49,SMS,outsourced,614,COP90PK,2025-08-20 20:45:00 GMT-0000,2025-08-19 13:42:22 GMT-0000,2025-08-22 23:00:00 GMT-0000,2025-08-20 21:04:33 GMT-0000,2025-08-21 19:09:24 GMT-0000,"1,614,681,688,216,140,000,000","1,614,681,688,216,140,000,000",COP90PK,2025-08-20 20:45:00 GMT-0000,2025-08-19 13:42:22 GMT-0000,2025-08-22 23:00:00 GMT-0000,2025-08-20 21:04:33 GMT-0000,2025-08-21 19:09:24 GMT-0000,98,474,479,101,1928,470,98,6,4,1,0,0,9,0,2,0,4,1,1,1,1,0,0,0,0,0,0,2,2,0,0,0,0
c_zjtlzwbdahbqh4ptde,Ohio Partners for Affordable Energy,52,64098_EmpowerSaves_OH_Text51_Fight_Costs_OHCAC_Wednesday,Text51_Fight_Costs_OHCAC_Wednesday,Archived,52,SMS,outsourced,614,COP90PK,2025-08-27 21:45:00 GMT-0000,2025-08-26 14:55:25 GMT-0000,2025-08-30 00:00:01 GMT-0000,2025-08-27 22:02:08 GMT-0000,2025-08-27 22:03:13 GMT-0000,"1,614,681,688,216,140,000,000","1,614,681,688,216,140,000,000",COP90PK,2025-08-27 21:45:00 GMT-0000,2025-08-26 14:55:25 GMT-0000,2025-08-30 00:00:01 GMT-0000,2025-08-27 22:02:08 GMT-0000,2025-08-27 22:03:13 GMT-0000,93,456,457,100,923,425,93,3,1,0,24,0,32,0,2,0,1,1,1,0,0,0,0,5,5,0,0,7,7,0,0,0,0
c_zjtlzwbdahbqh4ptde,Ohio Partners for Affordable Energy,53,64100_EmpowerSaves_OH_Text52_Fight_Costs_OHCAC_Friday,Text52_Fight_Costs_OHCAC_Friday,Archived,53,SMS,outsourced,614,COP90PK,2025-08-29 19:45:00 GMT-0000,2025-08-26 14:59:55 GMT-0000,2025-08-31 22:00:00 GMT-0000,2025-08-29 20:56:38 GMT-0000,2025-09-01 15:23:34 GMT-0000,"1,614,681,688,216,140,000,000","1,614,681,688,216,140,000,000",COP90PK,2025-08-29 19:45:00 GMT-0000,2025-08-26 14:59:55 GMT-0000,2025-08-31 22:00:00 GMT-0000,2025-08-29 20:56:38 GMT-0000,2025-09-01 15:23:34 GMT-0000,97,665,498,75,1006,481,97,6,6,0,11,0,17,0,0,0,6,1,1,1,1,0,0,2,2,0,0,3,3,0,0,0,0
c_zjtlzwbdahbqh4ptde,Ohio Partners for Affordable Energy,57,64101_EmpowerSaves_OH_Text53_Fight_Costs_COAD_Wednesday,Text53_Fight_Costs_COAD_Wednesday,Archived,57,SMS,outsourced,614,COP90PK,2025-08-27 21:45:00 GMT-0000,2025-08-26 15:14:07 GMT-0000,2025-08-30 00:00:01 GMT-0000,2025-08-27 22:27:28 GMT-0000,2025-08-27 23:37:29 GMT-0000,"1,614,681,688,216,140,000,000","1,614,681,688,216,140,000,000",COP90PK,2025-08-27 21:45:00 GMT-0000,2025-08-26 15:14:07 GMT-0000,2025-08-30 00:00:01 GMT-0000,2025-08-27 22:27:28 GMT-0000,2025-08-27 23:37:29 GMT-0000,88,637,451,71,908,395,88,1,0,4,48,0,56,0,1,0,0,0,0,0,0,1,1,11,8,0,0,12,9,0,0,0,0
c_zjtlzwbdahbqh4ptde,Ohio Partners for Affordable Energy,54,64102_EmpowerSaves_OH_Text54_Fight_Costs_COAD_Friday,Text54_Fight_Costs_COAD_Friday,Archived,54,SMS,outsourced,614,COP90PK,2025-08-29 19:45:00 GMT-0000,2025-08-26 15:04:01 GMT-0000,2025-08-31 22:00:00 GMT-0000,2025-08-29 20:58:02 GMT-0000,2025-08-29 22:39:47 GMT-0000,"1,614,681,688,216,140,000,000","1,614,681,688,216,140,000,000",COP90PK,2025-08-29 19:45:00 GMT-0000,2025-08-26 15:04:01 GMT-0000,2025-08-31 22:00:00 GMT-0000,2025-08-29 20:58:02 GMT-0000,2025-08-29 22:39:47 GMT-0000,90,636,450,71,908,405,90,4,4,2,31,0,45,0,0,0,4,1,1,1,1,0,0,7,5,0,0,10,7,0,0,0,0
c_zjtlzwbdahbqh4ptde,Ohio Partners for Affordable Energy,59,64103_EmpowerSaves_OH_Text55_Fight_Costs_IMPACT_Wednesday,Text55_Fight_Costs_IMPACT_Wednesday,Archived,59,SMS,outsourced,614,COP90PK,2025-08-27 21:45:00 GMT-0000,2025-08-26 15:22:10 GMT-0000,2025-08-30 00:00:01 GMT-0000,2025-08-27 22:28:31 GMT-0000,2025-08-28 03:04:46 GMT-0000,"1,614,681,688,216,140,000,000","1,614,681,688,216,140,000,000",COP90PK,2025-08-27 21:45:00 GMT-0000,2025-08-26 15:22:10 GMT-0000,2025-08-30 00:00:01 GMT-0000,2025-08-27 22:28:31 GMT-0000,2025-08-28 03:04:46 GMT-0000,96,533,389,73,789,373,96,6,5,2,0,0,16,0,1,0,5,2,1,1,1,1,0,0,0,0,0,4,3,0,0,0,0
c_zjtlzwbdahbqh4ptde,Ohio Partners for Affordable Energy,55,64104_EmpowerSaves_OH_Text56_Fight_Costs_IMPACT_Friday,Text56_Fight_Costs_IMPACT_Friday,Archived,55,SMS,outsourced,614,COP90PK,2025-08-27 21:45:00 GMT-0000,2025-08-26 15:07:17 GMT-0000,2025-08-30 00:00:01 GMT-0000,2025-08-27 22:03:50 GMT-0000,2025-09-02 20:35:17 GMT-0000,"1,614,681,688,216,140,000,000","1,614,681,688,216,140,000,000",COP90PK,2025-08-27 21:45:00 GMT-0000,2025-08-26 15:07:17 GMT-0000,2025-08-30 00:00:01 GMT-0000,2025-08-27 22:03:50 GMT-0000,2025-09-02 20:35:17 GMT-0000,88,532,400,75,806,353,88,2,2,2,20,0,47,0,0,0,2,1,0,1,0,1,0,5,4,0,0,12,9,0,0,0,0
c_zjtlzwbdahbqh4ptde,Ohio Partners for Affordable Energy,56,64105_EmpowerSaves_OH_Text57_Fight_Costs_MVCAP_Wednesday,Text57_Fight_Costs_MVCAP_Wednesday,Archived,56,SMS,outsourced,614,COP90PK,2025-08-27 21:45:00 GMT-0000,2025-08-26 15:10:39 GMT-0000,2025-08-30 00:00:01 GMT-0000,2025-08-27 22:04:53 GMT-0000,2025-08-27 23:26:12 GMT-0000,"1,614,681,688,216,140,000,000","1,614,681,688,216,140,000,000",COP90PK,2025-08-27 21:45:00 GMT-0000,2025-08-26 15:10:39 GMT-0000,2025-08-30 00:00:01 GMT-0000,2025-08-27 22:04:53 GMT-0000,2025-08-27 23:26:12 GMT-0000,92,552,392,71,790,361,92,3,2,1,27,0,31,0,1,0,2,1,1,1,0,0,0,7,5,0,0,8,6,0,0,0,0
c_zjtlzwbdahbqh4ptde,Ohio Partners for Affordable Energy,58,64106_EmpowerSaves_OH_Text58_Fight_Costs_MVCAP_Friday,Text58_Fight_Costs_MVCAP_Friday,Archived,58,SMS,outsourced,614,COP90PK,2025-08-29 19:45:00 GMT-0000,2025-08-26 19:14:05 GMT-0000,2025-08-31 22:00:00 GMT-0000,2025-08-29 20:59:28 GMT-0000,2025-08-29 20:59:04 GMT-0000,"1,614,681,688,216,140,000,000","1,614,681,688,216,140,000,000",COP90PK,2025-08-29 19:45:00 GMT-0000,2025-08-26 19:14:05 GMT-0000,2025-08-31 22:00:00 GMT-0000,2025-08-29 20:59:28 GMT-0000,2025-08-29 20:59:04 GMT-0000,98,551,398,72,800,392,98,1,0,2,0,0,6,0,1,0,0,0,0,0,0,1,0,0,0,0,0,2,1,0,0,0,0
c_zjtlzwbdahbqh4ptde,Ohio Partners for Affordable Energy,60,64297_EmpowerSaves_OH_Text59_Yearly_Savings_IMPACT,Text59_Yearly_Savings_IMPACT,Archived,60,SMS,outsourced,614,COP90PK,2025-09-10 20:45:00 GMT-0000,2025-09-09 17:20:50 GMT-0000,2025-09-13 01:00:00 GMT-0000,2025-09-10 21:11:06 GMT-0000,2025-09-11 03:10:41 GMT-0000,"1,614,681,688,216,140,000,000","1,614,681,688,216,140,000,000",COP90PK,2025-09-10 20:45:00 GMT-0000,2025-09-09 17:20:50 GMT-0000,2025-09-13 01:00:00 GMT-0000,2025-09-10 21:11:06 GMT-0000,2025-09-11 03:10:41 GMT-0000,94,767,767,100,4627,723,94,4,1,4,3,0,44,0,3,0,1,1,1,0,0,1,1,0,0,0,0,6,6,0,0,0,0
c_zjtlzwbdahbqh4ptde,Ohio Partners for Affordable Energy,61,64298_EmpowerSaves_OH_Text60_Yearly_Savings_OHCAC,Text60_Yearly_Savings_OHCAC,Archived,61,SMS,outsourced,614,COP90PK,2025-09-10 20:45:00 GMT-0000,2025-09-09 17:28:10 GMT-0000,2025-09-13 01:00:00 GMT-0000,2025-09-10 21:16:23 GMT-0000,2025-09-25 14:53:11 GMT-0000,"1,614,681,688,216,140,000,000","1,614,681,688,216,140,000,000",COP90PK,2025-09-10 20:45:00 GMT-0000,2025-09-09 17:28:10 GMT-0000,2025-09-13 01:00:00 GMT-0000,2025-09-10 21:16:23 GMT-0000,2025-09-25 14:53:11 GMT-0000,98,1311,933,71,5621,918,98,5,5,3,0,0,15,0,0,0,5,1,0,1,0,0,0,0,0,0,0,2,1,0,0,0,0
c_zjtlzwbdahbqh4ptde,Ohio Partners for Affordable Energy,62,64299_EmpowerSaves_OH_Text61_Yearly_Savings_MVCAP,Text61_Yearly_Savings_MVCAP,Archived,62,SMS,outsourced,614,COP90PK,2025-09-10 20:45:00 GMT-0000,2025-09-09 17:41:45 GMT-0000,2025-09-13 01:00:00 GMT-0000,2025-09-10 21:22:39 GMT-0000,2025-09-11 17:13:13 GMT-0000,"1,614,681,688,216,140,000,000","1,614,681,688,216,140,000,000",COP90PK,2025-09-10 20:45:00 GMT-0000,2025-09-09 17:41:45 GMT-0000,2025-09-13 01:00:00 GMT-0000,2025-09-10 21:22:39 GMT-0000,2025-09-11 17:13:13 GMT-0000,99,767,774,101,4665,765,99,9,9,2,0,0,9,0,0,0,9,1,1,1,1,0,0,0,0,0,0,1,1,0,0,0,0
c_zjtlzwbdahbqh4ptde,Ohio Partners for Affordable Energy,63,64300_EmpowerSaves_OH_Text62_Yearly_Savings_COAD,Text62_Yearly_Savings_COAD,Archived,63,SMS,outsourced,614,COP90PK,2025-09-10 20:45:00 GMT-0000,2025-09-09 17:47:04 GMT-0000,2025-09-13 01:00:00 GMT-0000,2025-09-10 21:25:48 GMT-0000,2025-09-11 01:23:00 GMT-0000,"1,614,681,688,216,140,000,000","1,614,681,688,216,140,000,000",COP90PK,2025-09-10 20:45:00 GMT-0000,2025-09-09 17:47:04 GMT-0000,2025-09-13 01:00:00 GMT-0000,2025-09-10 21:25:48 GMT-0000,2025-09-11 01:23:00 GMT-0000,98,1258,878,70,5293,857,98,7,7,4,0,0,21,0,0,0,7,1,1,1,1,0,0,0,0,0,0,2,2,0,0,0,0
c_zjtlzwbdahbqh4ptde,Ohio Partners for Affordable Energy,64,64484_EmpowerSaves_OH_Text63_Time_Running_Out_IMPACT_morning,Text63_Time_Running_Out_IMPACT_morning,Archived,64,SMS,outsourced,614,COP90PK,2025-09-26 11:45:01 GMT-0000,2025-09-23 17:17:36 GMT-0000,2025-09-28 13:00:00 GMT-0000,2025-09-26 15:00:57 GMT-0000,2025-09-27 11:47:00 GMT-0000,"1,614,681,688,216,140,000,000","1,614,681,688,216,140,000,000",COP90PK,2025-09-26 11:45:01 GMT-0000,2025-09-23 17:17:36 GMT-0000,2025-09-28 13:00:00 GMT-0000,2025-09-26 15:00:57 GMT-0000,2025-09-27 11:47:00 GMT-0000,93,385,386,100,1940,360,93,2,0,1,2,0,26,0,2,0,0,1,1,0,0,0,0,1,1,0,0,7,7,0,0,1,1
c_zjtlzwbdahbqh4ptde,Ohio Partners for Affordable Energy,65,64485_EmpowerSaves_OH_Text64_Time_Running_Out_IMPACT_Evening,Text64_Time_Running_Out_IMPACT_Evening,Archived,65,SMS,outsourced,614,COP90PK,2025-09-26 21:45:00 GMT-0000,2025-09-23 17:27:22 GMT-0000,2025-09-29 00:00:00 GMT-0000,2025-09-26 22:04:26 GMT-0000,2025-09-27 01:29:40 GMT-0000,"1,614,681,688,216,140,000,000","1,614,681,688,216,140,000,000",COP90PK,2025-09-26 21:45:00 GMT-0000,2025-09-23 17:27:22 GMT-0000,2025-09-29 00:00:00 GMT-0000,2025-09-26 22:04:26 GMT-0000,2025-09-27 01:29:40 GMT-0000,96,524,375,72,1898,361,96,4,3,1,0,0,14,0,1,0,3,1,1,1,1,0,0,0,0,0,0,4,3,0,0,0,0
c_zjtlzwbdahbqh4ptde,Ohio Partners for Affordable Energy,66,64486_EmpowerSaves_OH_Text65_Time_Running_Out_OHCAC_morning,Text65_Time_Running_Out_OHCAC_morning,Archived,66,SMS,outsourced,614,COP90PK,2025-09-26 11:45:01 GMT-0000,2025-09-23 17:37:54 GMT-0000,2025-09-28 13:00:00 GMT-0000,2025-09-26 12:04:30 GMT-0000,2025-09-26 12:16:02 GMT-0000,"1,614,681,688,216,140,000,000","1,614,681,688,216,140,000,000",COP90PK,2025-09-26 11:45:01 GMT-0000,2025-09-23 17:37:54 GMT-0000,2025-09-28 13:00:00 GMT-0000,2025-09-26 12:04:30 GMT-0000,2025-09-26 12:16:02 GMT-0000,98,655,437,67,2196,429,98,1,1,2,0,0,8,0,0,0,1,0,0,0,0,0,0,0,0,0,0,2,1,0,0,0,0
c_zjtlzwbdahbqh4ptde,Ohio Partners for Affordable Energy,67,64487_EmpowerSaves_OH_Text66_Time_Running_Out_OHCAC_Evening,Text66_Time_Running_Out_OHCAC_Evening,Archived,67,SMS,outsourced,614,COP90PK,2025-09-26 21:45:00 GMT-0000,2025-09-23 17:45:58 GMT-0000,2025-09-29 00:00:00 GMT-0000,2025-09-26 22:07:29 GMT-0000,2025-09-28 21:36:02 GMT-0000,"1,614,681,688,216,140,000,000","1,614,681,688,216,140,000,000",COP90PK,2025-09-26 21:45:00 GMT-0000,2025-09-23 17:45:58 GMT-0000,2025-09-29 00:00:00 GMT-0000,2025-09-26 22:07:29 GMT-0000,2025-09-28 21:36:02 GMT-0000,98,477,477,100,2397,468,98,3,2,3,0,0,9,0,1,0,2,1,1,0,0,1,1,0,0,0,0,2,2,0,0,0,0
c_zjtlzwbdahbqh4ptde,Ohio Partners for Affordable Energy,68,64488_EmpowerSaves_OH_Text67_Time_Running_Out_MVCAP_morning,Text67_Time_Running_Out_MVCAP_morning,Archived,68,SMS,outsourced,614,COP90PK,2025-09-26 11:45:01 GMT-0000,2025-09-23 18:18:16 GMT-0000,2025-09-28 13:00:00 GMT-0000,2025-09-26 12:07:17 GMT-0000,2025-09-26 12:06:37 GMT-0000,"1,614,681,688,216,140,000,000","1,614,681,688,216,140,000,000",COP90PK,2025-09-26 11:45:01 GMT-0000,2025-09-23 18:18:16 GMT-0000,2025-09-28 13:00:00 GMT-0000,2025-09-26 12:07:17 GMT-0000,2025-09-26 12:06:37 GMT-0000,99,547,377,69,1896,374,99,2,1,0,0,0,3,0,1,0,1,1,0,0,0,0,0,0,0,0,0,1,1,0,0,0,0
c_zjtlzwbdahbqh4ptde,Ohio Partners for Affordable Energy,69,64489_EmpowerSaves_OH_Text68_Time_Running_Out_MVCAP_Evening,Text68_Time_Running_Out_MVCAP_Evening,Archived,69,SMS,outsourced,614,COP90PK,2025-09-26 21:45:00 GMT-0000,2025-09-23 19:01:12 GMT-0000,2025-09-29 00:00:00 GMT-0000,2025-09-26 22:09:13 GMT-0000,2025-09-29 00:15:52 GMT-0000,"1,614,681,688,216,140,000,000","1,614,681,688,216,140,000,000",COP90PK,2025-09-26 21:45:00 GMT-0000,2025-09-23 19:01:12 GMT-0000,2025-09-29 00:00:00 GMT-0000,2025-09-26 22:09:13 GMT-0000,2025-09-29 00:15:52 GMT-0000,98,385,386,100,1942,380,98,4,2,1,0,0,6,0,2,0,2,1,1,1,1,0,0,0,0,0,0,2,2,0,0,1,1
c_zjtlzwbdahbqh4ptde,Ohio Partners for Affordable Energy,71,64490_EmpowerSaves_OH_Text69_Time_Running_Out_COAD_morning,Text69_Time_Running_Out_COAD_morning,Archived,71,SMS,outsourced,614,COP90PK,2025-09-26 11:45:00 GMT-0000,2025-09-23 18:28:48 GMT-0000,2025-09-28 13:00:00 GMT-0000,2025-09-26 12:10:35 GMT-0000,2025-09-26 13:03:01 GMT-0000,"1,614,681,688,216,140,000,000","1,614,681,688,216,140,000,000",COP90PK,2025-09-26 11:45:00 GMT-0000,2025-09-23 18:28:48 GMT-0000,2025-09-28 13:00:00 GMT-0000,2025-09-26 12:10:35 GMT-0000,2025-09-26 13:03:01 GMT-0000,99,628,428,68,2153,423,99,4,3,2,0,0,5,0,1,0,3,1,1,1,0,0,0,0,0,0,0,1,1,0,0,0,0
c_zjtlzwbdahbqh4ptde,Ohio Partners for Affordable Energy,70,64491_EmpowerSaves_OH_Text70_Time_Running_Out_COAD_Evening,Text70_Time_Running_Out_COAD_Evening,Archived,70,SMS,outsourced,614,COP90PK,2025-09-26 21:45:00 GMT-0000,2025-09-23 18:26:07 GMT-0000,2025-09-29 00:00:00 GMT-0000,2025-09-26 22:11:35 GMT-0000,2025-09-27 00:49:39 GMT-0000,"1,614,681,688,216,140,000,000","1,614,681,688,216,140,000,000",COP90PK,2025-09-26 21:45:00 GMT-0000,2025-09-23 18:26:07 GMT-0000,2025-09-29 00:00:00 GMT-0000,2025-09-26 22:11:35 GMT-0000,2025-09-27 00:49:39 GMT-0000,97,626,432,69,2173,419,97,3,3,0,0,0,13,0,0,0,3,1,0,1,0,0,0,0,0,0,0,3,2,0,0,0,0
c_zjtlzwbdahbqh4ptde,Ohio Partners for Affordable Energy,72,64576_EmpowerSaves_OH_Text71_Final_Day_COAD,Text71_Final_Day_COAD,Archived,72,SMS,outsourced,614,COP90PK,2025-09-30 17:45:00 GMT-0000,2025-09-30 13:59:10 GMT-0000,2025-10-02 21:00:00 GMT-0000,2025-09-30 18:05:07 GMT-0000,2025-10-03 21:21:41 GMT-0000,"1,614,681,688,216,140,000,000","1,614,681,688,216,140,000,000",COP90PK,2025-09-30 17:45:00 GMT-0000,2025-09-30 13:59:10 GMT-0000,2025-10-02 21:00:00 GMT-0000,2025-09-30 18:05:07 GMT-0000,2025-10-03 21:21:41 GMT-0000,91,1252,854,68,3442,774,91,10,10,5,58,0,80,0,0,0,10,1,1,1,1,1,0,7,5,0,0,9,6,0,0,0,0
c_zjtlzwbdahbqh4ptde,Ohio Partners for Affordable Energy,73,64577_EmpowerSaves_OH_Text72_Final_Day_IMPACT,Text72_Final_Day_IMPACT,Archived,73,SMS,outsourced,614,COP90PK,2025-09-30 17:45:00 GMT-0000,2025-09-30 14:04:18 GMT-0000,2025-10-02 21:00:00 GMT-0000,2025-09-30 18:08:20 GMT-0000,2025-10-03 14:20:27 GMT-0000,"1,614,681,688,216,140,000,000","1,614,681,688,216,140,000,000",COP90PK,2025-09-30 17:45:00 GMT-0000,2025-09-30 14:04:18 GMT-0000,2025-10-02 21:00:00 GMT-0000,2025-09-30 18:08:20 GMT-0000,2025-10-03 14:20:27 GMT-0000,95,748,752,101,3027,714,95,8,7,0,3,0,38,0,1,0,7,1,1,1,1,0,0,0,0,0,0,5,5,0,0,0,0
c_zjtlzwbdahbqh4ptde,Ohio Partners for Affordable Energy,74,64578_EmpowerSaves_OH_Text73_Final_Day_OHCAC,Text73_Final_Day_OHCAC,Archived,74,SMS,outsourced,614,COP90PK,2025-09-30 17:45:00 GMT-0000,2025-09-30 14:08:27 GMT-0000,2025-10-02 21:00:00 GMT-0000,2025-09-30 18:21:30 GMT-0000,2025-10-01 22:03:03 GMT-0000,"1,614,681,688,216,140,000,000","1,614,681,688,216,140,000,000",COP90PK,2025-09-30 17:45:00 GMT-0000,2025-09-30 14:08:27 GMT-0000,2025-10-02 21:00:00 GMT-0000,2025-09-30 18:21:30 GMT-0000,2025-10-01 22:03:03 GMT-0000,99,653,471,72,1893,465,99,2,1,0,0,0,6,0,1,0,1,0,0,0,0,0,0,0,0,0,0,1,1,0,0,0,0
c_zjtlzwbdahbqh4ptde,Ohio Partners for Affordable Energy,75,64579_EmpowerSaves_OH_Text74_Final_Day_MVCAP,Text74_Final_Day_MVCAP,Archived,75,SMS,outsourced,614,COP90PK,2025-09-30 17:45:00 GMT-0000,2025-09-30 14:14:33 GMT-0000,2025-10-02 21:00:00 GMT-0000,2025-09-30 18:24:37 GMT-0000,2025-09-30 22:33:13 GMT-0000,"1,614,681,688,216,140,000,000","1,614,681,688,216,140,000,000",COP90PK,2025-09-30 17:45:00 GMT-0000,2025-09-30 14:14:33 GMT-0000,2025-10-02 21:00:00 GMT-0000,2025-09-30 18:24:37 GMT-0000,2025-09-30 22:33:13 GMT-0000,99,1092,760,70,3053,753,99,5,5,0,0,0,7,0,0,0,5,1,0,1,0,0,0,0,0,0,0,1,1,0,0,0,0
